ID,,Benefit_Amt
ABC989007,1/1/2013,187
ABC989007,3/1/2013,180
ABC989016,2/1/2013,276
ABC989016,3/1/2013,276
ABC989020,1/1/2013,383
ABC989020,2/1/2013,383
ABC989020,3/1/2013,372
ABC989023,1/1/2013,249
ABC989023,2/1/2013,249
ABC989023,3/1/2013,249
ABC989028,1/1/2013,323
ABC989028,2/1/2013,323
ABC989028,3/1/2013,323
ABC989035,1/1/2013,323
ABC989035,2/1/2013,0
ABC989061,1/1/2013,0
ABC989061,2/1/2013,0
ABC989061,3/1/2013,0
ABC989079,1/1/2013,366
ABC989079,2/1/2013,366
ABC989079,3/1/2013,320
ABC989098,1/1/2013,233
ABC989098,2/1/2013,0
ABC989098,3/1/2013,0
ABC989122,1/1/2013,323
ABC989122,2/1/2013,323
ABC989122,3/1/2013,323
ABC989205,1/1/2013,0
ABC989205,2/1/2013,0
ABC989205,3/1/2013,0
ABC989215,1/1/2013,158
ABC989215,2/1/2013,158
ABC989215,3/1/2013,139
ABC989217,1/1/2013,278
ABC989217,2/1/2013,278
ABC989217,3/1/2013,278
ABC989249,1/1/2013,217
ABC989249,2/1/2013,217
ABC989249,3/1/2013,217
ABC989265,1/1/2013,213
ABC989265,2/1/2013,213
ABC989265,3/1/2013,206
ABC989303,1/1/2013,364
ABC989303,2/1/2013,284
ABC989303,3/1/2013,299
ABC989316,1/1/2013,288
ABC989316,2/1/2013,206
ABC989316,3/1/2013,206
ABC989356,2/1/2013,323
ABC989356,3/1/2013,323
ABC989368,1/1/2013,490
ABC989368,2/1/2013,490
ABC989368,3/1/2013,490
ABC989370,1/1/2013,139
ABC989370,2/1/2013,139
ABC989370,3/1/2013,139
ABC989393,1/1/2013,649
ABC989393,2/1/2013,649
ABC989393,3/1/2013,649
ABC989410,1/1/2013,261
ABC989410,2/1/2013,261
ABC989410,3/1/2013,261
ABC989453,2/1/2013,507
ABC989453,3/1/2013,507
ABC989463,1/1/2013,291
ABC989463,2/1/2013,285
ABC989463,3/1/2013,285
ABC989487,1/1/2013,288
ABC989487,2/1/2013,288
ABC989487,3/1/2013,288
ABC989496,1/1/2013,0
ABC989496,2/1/2013,0
ABC989496,3/1/2013,0
ABC989517,1/1/2013,258
ABC989517,2/1/2013,252
ABC989517,3/1/2013,294
ABC989542,1/1/2013,275
ABC989542,2/1/2013,275
ABC989542,3/1/2013,275
ABC989546,1/1/2013,490
ABC989546,2/1/2013,490
ABC989546,3/1/2013,490
ABC989579,1/1/2013,219
ABC989579,2/1/2013,219
ABC989579,3/1/2013,179
ABC989597,1/1/2013,0
ABC989597,2/1/2013,0
ABC989597,3/1/2013,0
ABC989606,1/1/2013,554
ABC989606,2/1/2013,554
ABC989606,3/1/2013,549
ABC989614,1/1/2013,201
ABC989614,2/1/2013,201
ABC989614,3/1/2013,201
ABC989672,1/1/2013,183
ABC989672,2/1/2013,182
ABC989672,3/1/2013,182
ABC989675,2/1/2013,148
ABC989675,3/1/2013,148
ABC989680,1/1/2013,271
ABC989680,2/1/2013,266
ABC989680,3/1/2013,266
ABC989703,1/1/2013,416
ABC989703,2/1/2013,416
ABC989703,3/1/2013,411
ABC989724,1/1/2013,323
ABC989724,2/1/2013,323
ABC989724,3/1/2013,323
ABC989737,1/1/2013,285
ABC989737,2/1/2013,285
ABC989737,3/1/2013,279
ABC989761,1/1/2013,306
ABC989761,2/1/2013,306
ABC989761,3/1/2013,306
ABC989787,1/1/2013,252
ABC989787,2/1/2013,252
ABC989787,3/1/2013,246
ABC989789,1/1/2013,243
ABC989789,2/1/2013,0
ABC989798,1/1/2013,264
ABC989798,2/1/2013,264
ABC989798,3/1/2013,258
ABC989849,1/1/2013,302
ABC989849,2/1/2013,294
ABC989849,3/1/2013,294
ABC989866,1/1/2013,224
ABC989866,2/1/2013,224
ABC989885,1/1/2013,323
ABC989885,3/1/2013,323
ABC989894,1/1/2013,0
ABC989894,2/1/2013,0
ABC989894,3/1/2013,0
ABC989898,1/1/2013,323
ABC989898,2/1/2013,323
ABC989898,3/1/2013,323
ABC989946,1/1/2013,323
ABC989946,2/1/2013,323
ABC989946,3/1/2013,323
ABC989972,1/1/2013,323
ABC989972,2/1/2013,323
ABC989972,3/1/2013,323
ABC989983,1/1/2013,360
ABC989983,2/1/2013,360
ABC989983,3/1/2013,360
ABC990042,1/1/2013,216
ABC990042,2/1/2013,216
ABC990042,3/1/2013,216
ABC990083,1/1/2013,490
ABC990083,2/1/2013,490
ABC990083,3/1/2013,490
ABC990096,1/1/2013,158
ABC990096,2/1/2013,167
ABC990096,3/1/2013,167
ABC990133,1/1/2013,148
ABC990133,2/1/2013,148
ABC990133,3/1/2013,148
ABC990162,1/1/2013,139
ABC990162,2/1/2013,178
ABC990162,3/1/2013,178
ABC990204,1/1/2013,323
ABC990204,2/1/2013,323
ABC990204,3/1/2013,323
ABC990316,2/1/2013,244
ABC990316,3/1/2013,244
ABC990323,1/1/2013,154
ABC990323,2/1/2013,154
ABC990323,3/1/2013,154
ABC990369,1/1/2013,323
ABC990369,2/1/2013,323
ABC990369,3/1/2013,210
ABC990385,1/1/2013,163
ABC990385,2/1/2013,163
ABC990385,3/1/2013,163
ABC990398,1/1/2013,270
ABC990398,2/1/2013,265
ABC990398,3/1/2013,265
ABC990415,2/1/2013,490
ABC990415,3/1/2013,490
ABC990427,1/1/2013,139
ABC990427,2/1/2013,279
ABC990427,3/1/2013,286
ABC990429,1/1/2013,152
ABC990429,2/1/2013,152
ABC990429,3/1/2013,152
ABC990443,1/1/2013,649
ABC990443,2/1/2013,649
ABC990443,3/1/2013,649
ABC990446,1/1/2013,323
ABC990446,2/1/2013,323
ABC990446,3/1/2013,323
ABC990451,1/1/2013,337
ABC990451,2/1/2013,337
ABC990451,3/1/2013,337
ABC990460,1/1/2013,328
ABC990460,2/1/2013,328
ABC990460,3/1/2013,311
ABC990462,1/1/2013,323
ABC990462,2/1/2013,323
ABC990462,3/1/2013,323
ABC990478,1/1/2013,649
ABC990478,2/1/2013,649
ABC990478,3/1/2013,649
ABC990479,1/1/2013,242
ABC990479,2/1/2013,242
ABC990479,3/1/2013,242
ABC990504,1/1/2013,250
ABC990504,2/1/2013,230
ABC990504,3/1/2013,230
ABC990511,1/1/2013,323
ABC990511,2/1/2013,323
ABC990511,3/1/2013,323
ABC990513,1/1/2013,289
ABC990513,3/1/2013,289
ABC990531,1/1/2013,258
ABC990531,2/1/2013,258
ABC990531,3/1/2013,258
ABC990551,1/1/2013,204
ABC990551,2/1/2013,204
ABC990551,3/1/2013,204
ABC990558,1/1/2013,246
ABC990558,2/1/2013,246
ABC990558,3/1/2013,246
ABC990567,2/1/2013,218
ABC990567,3/1/2013,218
ABC990592,1/1/2013,235
ABC990592,2/1/2013,230
ABC990592,3/1/2013,230
ABC990611,1/1/2013,239
ABC990611,2/1/2013,239
ABC990611,3/1/2013,239
ABC990612,1/1/2013,649
ABC990612,2/1/2013,649
ABC990612,3/1/2013,649
ABC990613,1/1/2013,323
ABC990613,2/1/2013,323
ABC990613,3/1/2013,323
ABC990676,1/1/2013,266
ABC990676,2/1/2013,261
ABC990676,3/1/2013,263
ABC990691,1/1/2013,284
ABC990719,1/1/2013,323
ABC990719,2/1/2013,323
ABC990719,3/1/2013,323
ABC990728,1/1/2013,292
ABC990728,2/1/2013,292
ABC990728,3/1/2013,292
ABC990738,1/1/2013,172
ABC990738,2/1/2013,0
ABC990738,3/1/2013,0
ABC990748,1/1/2013,139
ABC990748,2/1/2013,139
ABC990748,3/1/2013,139
ABC990783,1/1/2013,490
ABC990783,2/1/2013,490
ABC990783,3/1/2013,490
ABC990794,1/1/2013,490
ABC990794,2/1/2013,449
ABC990794,3/1/2013,417
ABC990836,1/1/2013,323
ABC990836,2/1/2013,323
ABC990836,3/1/2013,323
ABC990857,3/1/2013,0
ABC990872,1/1/2013,163
ABC990872,2/1/2013,163
ABC990872,3/1/2013,163
ABC990902,1/1/2013,490
ABC990902,2/1/2013,490
ABC990902,3/1/2013,490
ABC990936,1/1/2013,601
ABC990936,2/1/2013,601
ABC990936,3/1/2013,601
ABC990999,1/1/2013,689
ABC990999,2/1/2013,689
ABC991001,1/1/2013,323
ABC991001,2/1/2013,323
ABC991001,3/1/2013,0
ABC991004,1/1/2013,152
ABC991004,2/1/2013,148
ABC991004,3/1/2013,148
ABC991016,1/1/2013,297
ABC991016,2/1/2013,323
ABC991016,3/1/2013,323
ABC991038,1/1/2013,352
ABC991038,2/1/2013,352
ABC991038,3/1/2013,352
ABC991046,1/1/2013,337
ABC991046,2/1/2013,337
ABC991046,3/1/2013,337
ABC991088,1/1/2013,200
ABC991088,2/1/2013,200
ABC991088,3/1/2013,200
ABC991109,1/1/2013,323
ABC991109,2/1/2013,323
ABC991109,3/1/2013,323
ABC991150,2/1/2013,284
ABC991150,3/1/2013,284
ABC991151,1/1/2013,309
ABC991151,2/1/2013,309
ABC991151,3/1/2013,309
ABC991210,1/1/2013,336
ABC991210,2/1/2013,336
ABC991210,3/1/2013,336
ABC991225,1/1/2013,323
ABC991225,2/1/2013,323
ABC991225,3/1/2013,323
ABC991243,2/1/2013,0
ABC991243,3/1/2013,0
ABC991265,1/1/2013,268
ABC991265,2/1/2013,268
ABC991265,3/1/2013,280
ABC991278,2/1/2013,0
ABC991278,3/1/2013,0
ABC991282,1/1/2013,490
ABC991282,2/1/2013,270
ABC991282,3/1/2013,270
ABC991364,1/1/2013,791
ABC991364,2/1/2013,791
ABC991364,3/1/2013,791
ABC991395,3/1/2013,251
ABC991401,1/1/2013,323
ABC991401,3/1/2013,323
ABC991459,1/1/2013,258
ABC991459,2/1/2013,258
ABC991459,3/1/2013,258
ABC991461,1/1/2013,458
ABC991461,2/1/2013,458
ABC991461,3/1/2013,458
ABC991505,1/1/2013,592
ABC991505,3/1/2013,0
ABC991510,1/1/2013,242
ABC991510,2/1/2013,242
ABC991510,3/1/2013,242
ABC991580,1/1/2013,299
ABC991580,2/1/2013,299
ABC991580,3/1/2013,294
ABC991626,1/1/2013,323
ABC991626,2/1/2013,323
ABC991626,3/1/2013,323
ABC991644,1/1/2013,323
ABC991644,2/1/2013,323
ABC991644,3/1/2013,323
ABC991652,1/1/2013,303
ABC991652,2/1/2013,0
ABC991652,3/1/2013,0
ABC991659,1/1/2013,490
ABC991659,2/1/2013,490
ABC991659,3/1/2013,490
ABC991692,1/1/2013,239
ABC991692,2/1/2013,233
ABC991692,3/1/2013,233
ABC991693,1/1/2013,299
ABC991693,2/1/2013,299
ABC991693,3/1/2013,299
ABC991732,1/1/2013,315
ABC991732,2/1/2013,315
ABC991732,3/1/2013,309
ABC991737,1/1/2013,315
ABC991737,2/1/2013,315
ABC991737,3/1/2013,315
ABC991805,1/1/2013,250
ABC991805,2/1/2013,250
ABC991805,3/1/2013,253
ABC991831,1/1/2013,546
ABC991831,2/1/2013,546
ABC991831,3/1/2013,546
ABC991833,1/1/2013,139
ABC991833,2/1/2013,139
ABC991833,3/1/2013,139
ABC991853,1/1/2013,791
ABC991853,2/1/2013,791
ABC991853,3/1/2013,734
ABC991854,1/1/2013,323
ABC991854,2/1/2013,323
ABC991854,3/1/2013,323
ABC991856,1/1/2013,323
ABC991856,2/1/2013,323
ABC991856,3/1/2013,323
ABC991910,2/1/2013,261
ABC991910,3/1/2013,261
ABC991917,1/1/2013,460
ABC991917,2/1/2013,460
ABC991917,3/1/2013,460
ABC991929,1/1/2013,323
ABC991929,2/1/2013,323
ABC991929,3/1/2013,323
ABC991936,1/1/2013,881
ABC991936,2/1/2013,1075
ABC991936,3/1/2013,1075
ABC991941,2/1/2013,0
ABC991941,3/1/2013,0
ABC991957,1/1/2013,379
ABC991957,2/1/2013,360
ABC991957,3/1/2013,352
ABC992005,1/1/2013,223
ABC992005,2/1/2013,223
ABC992005,3/1/2013,219
ABC992045,1/1/2013,463
ABC992045,2/1/2013,463
ABC992045,3/1/2013,659
ABC992054,1/1/2013,649
ABC992054,2/1/2013,649
ABC992054,3/1/2013,649
ABC992076,1/1/2013,490
ABC992076,2/1/2013,490
ABC992076,3/1/2013,490
ABC992093,1/1/2013,323
ABC992093,2/1/2013,264
ABC992134,1/1/2013,548
ABC992134,2/1/2013,711
ABC992134,3/1/2013,711
ABC992137,1/1/2013,755
ABC992137,2/1/2013,755
ABC992137,3/1/2013,755
ABC992146,1/1/2013,0
ABC992146,2/1/2013,0
ABC992146,3/1/2013,0
ABC992212,1/1/2013,235
ABC992212,2/1/2013,235
ABC992212,3/1/2013,235
ABC992236,1/1/2013,490
ABC992236,2/1/2013,490
ABC992236,3/1/2013,490
ABC992244,1/1/2013,216
ABC992244,2/1/2013,216
ABC992244,3/1/2013,210
ABC992250,1/1/2013,0
ABC992250,2/1/2013,0
ABC992250,3/1/2013,0
ABC992259,1/1/2013,188
ABC992259,2/1/2013,188
ABC992259,3/1/2013,182
ABC992305,1/1/2013,158
ABC992305,2/1/2013,158
ABC992305,3/1/2013,158
ABC992308,2/1/2013,323
ABC992308,3/1/2013,323
ABC992316,1/1/2013,649
ABC992316,3/1/2013,490
ABC992338,1/1/2013,323
ABC992338,2/1/2013,323
ABC992338,3/1/2013,323
ABC992360,1/1/2013,205
ABC992383,1/1/2013,285
ABC992383,2/1/2013,279
ABC992383,3/1/2013,279
ABC992420,1/1/2013,420
ABC992420,2/1/2013,420
ABC992420,3/1/2013,420
ABC992423,1/1/2013,0
ABC992423,2/1/2013,0
ABC992423,3/1/2013,0
ABC992444,1/1/2013,323
ABC992444,2/1/2013,323
ABC992444,3/1/2013,323
ABC992474,1/1/2013,490
ABC992474,2/1/2013,0
ABC992474,3/1/2013,0
ABC992475,1/1/2013,342
ABC992475,2/1/2013,342
ABC992509,1/1/2013,482
ABC992509,2/1/2013,0
ABC992509,3/1/2013,0
ABC992511,1/1/2013,323
ABC992511,2/1/2013,323
ABC992511,3/1/2013,323
ABC992541,1/1/2013,148
ABC992541,3/1/2013,163
ABC992544,2/1/2013,0
ABC992611,1/1/2013,259
ABC992611,2/1/2013,259
ABC992611,3/1/2013,259
ABC992622,1/1/2013,323
ABC992655,1/1/2013,139
ABC992665,1/1/2013,323
ABC992665,2/1/2013,323
ABC992665,3/1/2013,323
ABC992666,1/1/2013,306
ABC992666,2/1/2013,306
ABC992666,3/1/2013,300
ABC992692,2/1/2013,0
ABC992692,3/1/2013,0
ABC992753,1/1/2013,243
ABC992753,2/1/2013,200
ABC992753,3/1/2013,200
ABC992862,1/1/2013,417
ABC992862,2/1/2013,417
ABC992862,3/1/2013,417
ABC992869,1/1/2013,323
ABC992869,2/1/2013,209
ABC992869,3/1/2013,323
ABC992920,1/1/2013,0
ABC992920,2/1/2013,0
ABC992920,3/1/2013,0
ABC992956,1/1/2013,0
ABC992959,1/1/2013,0
ABC992959,2/1/2013,0
ABC992959,3/1/2013,0
ABC992963,1/1/2013,323
ABC992963,2/1/2013,252
ABC992963,3/1/2013,252
ABC992966,2/1/2013,323
ABC992966,3/1/2013,274
ABC993020,1/1/2013,377
ABC993028,1/1/2013,273
ABC993028,2/1/2013,273
ABC993028,3/1/2013,0
ABC993032,2/1/2013,472
ABC993032,3/1/2013,472
ABC993033,2/1/2013,0
ABC993033,3/1/2013,0
ABC993056,2/1/2013,323
ABC993056,3/1/2013,323
ABC993082,1/1/2013,0
ABC993082,2/1/2013,0
ABC993082,3/1/2013,0
ABC993098,2/1/2013,323
ABC993098,3/1/2013,323
ABC993103,2/1/2013,323
ABC993103,3/1/2013,323
ABC993107,1/1/2013,0
ABC993107,2/1/2013,0
ABC993107,3/1/2013,0
ABC993202,1/1/2013,323
ABC993202,2/1/2013,323
ABC993202,3/1/2013,323
ABC993219,2/1/2013,455
ABC993219,3/1/2013,455
ABC993220,2/1/2013,323
ABC993220,3/1/2013,0
ABC993284,1/1/2013,840
ABC993284,2/1/2013,840
ABC993378,1/1/2013,663
ABC993378,2/1/2013,663
ABC993378,3/1/2013,791
ABC993379,1/1/2013,167
ABC993379,2/1/2013,167
ABC993379,3/1/2013,167
ABC993384,1/1/2013,310
ABC993384,2/1/2013,310
ABC993384,3/1/2013,323
ABC993389,1/1/2013,0
ABC993389,2/1/2013,0
ABC993389,3/1/2013,0
ABC993455,1/1/2013,625
ABC993455,2/1/2013,625
ABC993455,3/1/2013,625
ABC993481,1/1/2013,490
ABC993481,2/1/2013,0
ABC993481,3/1/2013,0
ABC993533,1/1/2013,597
ABC993533,2/1/2013,597
ABC993533,3/1/2013,572
ABC993558,1/1/2013,323
ABC993558,2/1/2013,323
ABC993558,3/1/2013,323
ABC993598,3/1/2013,323
ABC993609,1/1/2013,323
ABC993609,2/1/2013,323
ABC993609,3/1/2013,323
ABC993610,1/1/2013,490
ABC993610,2/1/2013,490
ABC993610,3/1/2013,490
ABC993659,1/1/2013,356
ABC993659,2/1/2013,356
ABC993659,3/1/2013,356
ABC993684,1/1/2013,649
ABC993684,2/1/2013,649
ABC993684,3/1/2013,649
ABC993685,2/1/2013,280
ABC993685,3/1/2013,280
ABC993689,1/1/2013,490
ABC993689,2/1/2013,490
ABC993689,3/1/2013,490
ABC993691,1/1/2013,323
ABC993691,2/1/2013,0
ABC993691,3/1/2013,0
ABC993693,3/1/2013,323
ABC993696,1/1/2013,564
ABC993696,2/1/2013,416
ABC993696,3/1/2013,416
ABC993702,1/1/2013,0
ABC993702,3/1/2013,323
ABC993703,1/1/2013,704
ABC993703,2/1/2013,704
ABC993703,3/1/2013,704
ABC993713,1/1/2013,363
ABC993713,2/1/2013,363
ABC993713,3/1/2013,0
ABC993724,1/1/2013,0
ABC993724,2/1/2013,0
ABC993724,3/1/2013,0
ABC993727,1/1/2013,323
ABC993727,2/1/2013,323
ABC993747,1/1/2013,0
ABC993747,2/1/2013,0
ABC993757,1/1/2013,542
ABC993757,2/1/2013,649
ABC993757,3/1/2013,649
ABC993819,2/1/2013,323
ABC993819,3/1/2013,323
ABC993821,1/1/2013,490
ABC993821,2/1/2013,490
ABC993821,3/1/2013,490
ABC993839,1/1/2013,323
ABC993839,2/1/2013,323
ABC993839,3/1/2013,323
ABC993916,2/1/2013,323
ABC993916,3/1/2013,323
ABC993929,1/1/2013,791
ABC993929,2/1/2013,791
ABC993929,3/1/2013,791
ABC993951,1/1/2013,727
ABC993951,2/1/2013,727
ABC993951,3/1/2013,727
ABC993959,1/1/2013,403
ABC993959,2/1/2013,403
ABC993959,3/1/2013,403
ABC993965,1/1/2013,0
ABC993965,2/1/2013,0
ABC993965,3/1/2013,0
ABC993978,2/1/2013,349
ABC993978,3/1/2013,342
ABC993985,1/1/2013,323
ABC993985,2/1/2013,323
ABC993985,3/1/2013,323
ABC993986,1/1/2013,376
ABC993986,2/1/2013,376
ABC993986,3/1/2013,376
ABC994035,1/1/2013,490
ABC994035,2/1/2013,490
ABC994035,3/1/2013,490
ABC994090,1/1/2013,791
ABC994090,2/1/2013,791
ABC994090,3/1/2013,791
ABC994093,1/1/2013,228
ABC994093,2/1/2013,228
ABC994093,3/1/2013,228
ABC994102,1/1/2013,139
ABC994102,2/1/2013,139
ABC994102,3/1/2013,139
ABC994127,1/1/2013,587
ABC994127,2/1/2013,587
ABC994127,3/1/2013,587
ABC994128,1/1/2013,0
ABC994128,2/1/2013,0
ABC994128,3/1/2013,0
ABC994132,1/1/2013,0
ABC994132,2/1/2013,0
ABC994132,3/1/2013,0
ABC994136,1/1/2013,0
ABC994136,2/1/2013,0
ABC994136,3/1/2013,0
ABC994138,1/1/2013,323
ABC994138,2/1/2013,323
ABC994138,3/1/2013,323
ABC994144,1/1/2013,331
ABC994145,1/1/2013,323
ABC994145,2/1/2013,323
ABC994145,3/1/2013,323
ABC994151,2/1/2013,288
ABC994151,3/1/2013,288
ABC994156,1/1/2013,323
ABC994156,2/1/2013,323
ABC994156,3/1/2013,323
ABC994159,1/1/2013,139
ABC994159,2/1/2013,139
ABC994159,3/1/2013,139
ABC994166,1/1/2013,323
ABC994166,2/1/2013,323
ABC994166,3/1/2013,323
ABC994178,2/1/2013,323
ABC994178,3/1/2013,323
ABC994186,1/1/2013,0
ABC994186,2/1/2013,0
ABC994194,1/1/2013,414
ABC994194,2/1/2013,414
ABC994194,3/1/2013,490
ABC994198,1/1/2013,323
ABC994198,2/1/2013,490
ABC994198,3/1/2013,490
ABC994199,1/1/2013,322
ABC994199,2/1/2013,322
ABC994199,3/1/2013,322
ABC994201,2/1/2013,323
ABC994201,3/1/2013,323
ABC994239,1/1/2013,0
ABC994246,1/1/2013,407
ABC994255,1/1/2013,378
ABC994255,2/1/2013,378
ABC994255,3/1/2013,378
ABC994261,1/1/2013,584
ABC994261,2/1/2013,584
ABC994261,3/1/2013,490
ABC994276,1/1/2013,323
ABC994276,2/1/2013,323
ABC994276,3/1/2013,323
ABC994278,1/1/2013,0
ABC994289,1/1/2013,143
ABC994296,1/1/2013,352
ABC994296,2/1/2013,352
ABC994296,3/1/2013,352
ABC994307,3/1/2013,323
ABC994328,1/1/2013,757
ABC994328,2/1/2013,757
ABC994328,3/1/2013,775
ABC994372,1/1/2013,252
ABC994372,2/1/2013,252
ABC994372,3/1/2013,252
ABC994375,1/1/2013,216
ABC994375,2/1/2013,216
ABC994375,3/1/2013,216
ABC994383,1/1/2013,259
ABC994383,2/1/2013,259
ABC994383,3/1/2013,259
ABC994411,1/1/2013,515
ABC994411,2/1/2013,515
ABC994411,3/1/2013,515
ABC994426,1/1/2013,233
ABC994426,2/1/2013,233
ABC994426,3/1/2013,233
ABC994480,1/1/2013,139
ABC994480,2/1/2013,139
ABC994480,3/1/2013,139
ABC994526,2/1/2013,649
ABC994526,3/1/2013,649
ABC994539,1/1/2013,1184
ABC994539,2/1/2013,1524
ABC994539,3/1/2013,1524
ABC994587,1/1/2013,267
ABC994587,2/1/2013,261
ABC994587,3/1/2013,261
ABC994601,1/1/2013,0
ABC994601,2/1/2013,0
ABC994601,3/1/2013,0
ABC994622,1/1/2013,323
ABC994622,2/1/2013,323
ABC994622,3/1/2013,323
ABC994679,1/1/2013,376
ABC994679,2/1/2013,376
ABC994679,3/1/2013,376
ABC994688,1/1/2013,323
ABC994688,2/1/2013,323
ABC994688,3/1/2013,323
ABC994720,1/1/2013,305
ABC994720,2/1/2013,305
ABC994720,3/1/2013,305
ABC994736,1/1/2013,231
ABC994736,2/1/2013,231
ABC994736,3/1/2013,231
ABC994754,1/1/2013,582
ABC994754,2/1/2013,582
ABC994754,3/1/2013,582
ABC994757,1/1/2013,758
ABC994757,2/1/2013,758
ABC994757,3/1/2013,668
ABC994799,1/1/2013,323
ABC994799,2/1/2013,323
ABC994799,3/1/2013,323
ABC994811,1/1/2013,323
ABC994811,2/1/2013,323
ABC994811,3/1/2013,323
ABC994874,2/1/2013,154
ABC994874,3/1/2013,154
ABC994877,1/1/2013,404
ABC994877,2/1/2013,404
ABC994877,3/1/2013,404
ABC994898,2/1/2013,251
ABC994898,3/1/2013,251
ABC994903,1/1/2013,323
ABC994903,2/1/2013,323
ABC994903,3/1/2013,323
ABC994965,2/1/2013,323
ABC994965,3/1/2013,323
ABC994995,1/1/2013,158
ABC994995,2/1/2013,154
ABC994995,3/1/2013,154
ABC995001,1/1/2013,297
ABC995001,2/1/2013,297
ABC995001,3/1/2013,297
ABC995009,1/1/2013,323
ABC995009,2/1/2013,323
ABC995009,3/1/2013,323
ABC995044,1/1/2013,306
ABC995044,2/1/2013,306
ABC995044,3/1/2013,306
ABC995070,1/1/2013,649
ABC995070,2/1/2013,649
ABC995089,1/1/2013,163
ABC995089,2/1/2013,163
ABC995089,3/1/2013,163
ABC995096,1/1/2013,345
ABC995096,2/1/2013,345
ABC995096,3/1/2013,345
ABC995123,1/1/2013,473
ABC995123,2/1/2013,443
ABC995123,3/1/2013,443
ABC995150,1/1/2013,323
ABC995150,2/1/2013,323
ABC995150,3/1/2013,323
ABC995171,1/1/2013,0
ABC995204,1/1/2013,649
ABC995204,2/1/2013,649
ABC995204,3/1/2013,649
ABC995307,1/1/2013,266
ABC995307,2/1/2013,260
ABC995307,3/1/2013,260
ABC995363,2/1/2013,139
ABC995363,3/1/2013,139
ABC995365,1/1/2013,323
ABC995365,2/1/2013,323
ABC995365,3/1/2013,323
ABC995401,2/1/2013,0
ABC995401,3/1/2013,0
ABC995403,1/1/2013,490
ABC995403,2/1/2013,490
ABC995403,3/1/2013,490
ABC995405,1/1/2013,323
ABC995405,2/1/2013,323
ABC995446,1/1/2013,0
ABC995446,2/1/2013,0
ABC995446,3/1/2013,0
ABC995465,1/1/2013,301
ABC995465,2/1/2013,301
ABC995465,3/1/2013,301
ABC995493,1/1/2013,791
ABC995493,2/1/2013,791
ABC995493,3/1/2013,791
ABC995496,1/1/2013,166
ABC995496,2/1/2013,142
ABC995496,3/1/2013,167
ABC995498,1/1/2013,490
ABC995498,2/1/2013,490
ABC995498,3/1/2013,490
ABC995569,1/1/2013,276
ABC995569,2/1/2013,276
ABC995569,3/1/2013,276
ABC995656,1/1/2013,0
ABC995656,2/1/2013,0
ABC995656,3/1/2013,0
ABC995662,1/1/2013,224
ABC995662,2/1/2013,224
ABC995669,1/1/2013,315
ABC995669,2/1/2013,315
ABC995669,3/1/2013,315
ABC995673,1/1/2013,904
ABC995673,2/1/2013,904
ABC995673,3/1/2013,904
ABC995724,1/1/2013,649
ABC995724,2/1/2013,649
ABC995724,3/1/2013,649
ABC995754,1/1/2013,242
ABC995754,2/1/2013,242
ABC995754,3/1/2013,236
ABC995761,1/1/2013,229
ABC995761,2/1/2013,229
ABC995761,3/1/2013,224
ABC995792,1/1/2013,259
ABC995792,2/1/2013,252
ABC995792,3/1/2013,252
ABC995809,2/1/2013,0
ABC995809,3/1/2013,0
ABC995810,2/1/2013,323
ABC995810,3/1/2013,323
ABC995819,1/1/2013,606
ABC995819,2/1/2013,606
ABC995819,3/1/2013,606
ABC995899,1/1/2013,242
ABC995899,2/1/2013,232
ABC995899,3/1/2013,232
ABC995910,1/1/2013,0
ABC995976,2/1/2013,323
ABC995976,3/1/2013,323
ABC996013,1/1/2013,791
ABC996013,2/1/2013,791
ABC996013,3/1/2013,791
ABC996049,1/1/2013,257
ABC996049,2/1/2013,257
ABC996049,3/1/2013,257
ABC996075,1/1/2013,323
ABC996075,2/1/2013,323
ABC996075,3/1/2013,323
ABC996079,1/1/2013,152
ABC996079,2/1/2013,152
ABC996079,3/1/2013,148
ABC996091,1/1/2013,506
ABC996091,2/1/2013,530
ABC996091,3/1/2013,650
ABC996094,1/1/2013,291
ABC996094,2/1/2013,285
ABC996094,3/1/2013,285
ABC996116,1/1/2013,424
ABC996116,2/1/2013,484
ABC996116,3/1/2013,484
ABC996128,1/1/2013,323
ABC996128,2/1/2013,323
ABC996128,3/1/2013,323
ABC996146,1/1/2013,269
ABC996146,2/1/2013,264
ABC996146,3/1/2013,264
ABC996152,1/1/2013,569
ABC996152,2/1/2013,535
ABC996152,3/1/2013,535
ABC996155,1/1/2013,206
ABC996155,2/1/2013,206
ABC996155,3/1/2013,206
ABC996172,2/1/2013,235
ABC996172,3/1/2013,235
ABC996188,1/1/2013,323
ABC996188,2/1/2013,323
ABC996188,3/1/2013,323
ABC996207,1/1/2013,241
ABC996207,2/1/2013,241
ABC996207,3/1/2013,236
ABC996276,1/1/2013,139
ABC996276,2/1/2013,0
ABC996276,3/1/2013,0
ABC996344,1/1/2013,227
ABC996344,2/1/2013,227
ABC996344,3/1/2013,139
ABC996348,1/1/2013,237
ABC996348,2/1/2013,237
ABC996348,3/1/2013,237
ABC996350,1/1/2013,149
ABC996350,2/1/2013,149
ABC996350,3/1/2013,149
ABC996356,1/1/2013,195
ABC996356,2/1/2013,195
ABC996356,3/1/2013,195
ABC996360,2/1/2013,165
ABC996360,3/1/2013,165
ABC996386,1/1/2013,276
ABC996386,2/1/2013,270
ABC996386,3/1/2013,270
ABC996404,1/1/2013,323
ABC996404,2/1/2013,323
ABC996404,3/1/2013,323
ABC996430,1/1/2013,529
ABC996430,2/1/2013,529
ABC996430,3/1/2013,529
ABC996455,1/1/2013,323
ABC996455,2/1/2013,323
ABC996455,3/1/2013,323
ABC996459,1/1/2013,179
ABC996459,2/1/2013,179
ABC996459,3/1/2013,179
ABC996471,1/1/2013,139
ABC996471,2/1/2013,139
ABC996471,3/1/2013,139
ABC996540,1/1/2013,294
ABC996540,2/1/2013,294
ABC996540,3/1/2013,294
ABC996602,1/1/2013,139
ABC996602,2/1/2013,139
ABC996602,3/1/2013,139
ABC996606,1/1/2013,265
ABC996606,2/1/2013,265
ABC996606,3/1/2013,265
ABC996622,1/1/2013,317
ABC996622,2/1/2013,317
ABC996623,1/1/2013,323
ABC996623,2/1/2013,323
ABC996623,3/1/2013,323
ABC996687,2/1/2013,276
ABC996687,3/1/2013,276
ABC996721,1/1/2013,219
ABC996721,2/1/2013,219
ABC996721,3/1/2013,219
ABC996736,1/1/2013,403
ABC996736,2/1/2013,403
ABC996736,3/1/2013,403
ABC996796,1/1/2013,323
ABC996796,2/1/2013,323
ABC996796,3/1/2013,323
ABC996830,1/1/2013,257
ABC996830,2/1/2013,253
ABC996830,3/1/2013,253
ABC996850,1/1/2013,215
ABC996850,2/1/2013,209
ABC996850,3/1/2013,209
ABC996863,1/1/2013,144
ABC996863,2/1/2013,144
ABC996863,3/1/2013,144
ABC996874,1/1/2013,625
ABC996874,2/1/2013,625
ABC996874,3/1/2013,472
ABC996885,2/1/2013,323
ABC996885,3/1/2013,323
ABC996888,1/1/2013,182
ABC996888,2/1/2013,176
ABC996888,3/1/2013,139
ABC996906,1/1/2013,321
ABC996906,2/1/2013,321
ABC996906,3/1/2013,321
ABC996919,1/1/2013,185
ABC996919,2/1/2013,175
ABC996919,3/1/2013,175
ABC996938,1/1/2013,152
ABC996938,2/1/2013,152
ABC996938,3/1/2013,152
ABC996947,1/1/2013,303
ABC996947,2/1/2013,323
ABC996947,3/1/2013,323
ABC996964,1/1/2013,582
ABC996964,2/1/2013,582
ABC996964,3/1/2013,582
ABC997003,1/1/2013,315
ABC997003,2/1/2013,315
ABC997003,3/1/2013,315
ABC997022,1/1/2013,273
ABC997022,2/1/2013,273
ABC997022,3/1/2013,273
ABC997054,1/1/2013,383
ABC997054,2/1/2013,383
ABC997054,3/1/2013,383
ABC997107,1/1/2013,276
ABC997107,2/1/2013,276
ABC997107,3/1/2013,271
ABC997148,1/1/2013,205
ABC997148,2/1/2013,198
ABC997148,3/1/2013,198
ABC997226,1/1/2013,364
ABC997226,2/1/2013,0
ABC997226,3/1/2013,0
ABC997292,1/1/2013,323
ABC997292,2/1/2013,323
ABC997292,3/1/2013,323
ABC997302,1/1/2013,490
ABC997302,2/1/2013,490
ABC997302,3/1/2013,323
ABC997343,1/1/2013,0
ABC997343,2/1/2013,0
ABC997343,3/1/2013,0
ABC997366,1/1/2013,791
ABC997366,2/1/2013,791
ABC997366,3/1/2013,791
ABC997375,1/1/2013,159
ABC997375,2/1/2013,159
ABC997375,3/1/2013,159
ABC997394,1/1/2013,323
ABC997394,2/1/2013,323
ABC997394,3/1/2013,323
ABC997406,1/1/2013,161
ABC997406,2/1/2013,161
ABC997406,3/1/2013,0
ABC997437,1/1/2013,383
ABC997437,2/1/2013,383
ABC997437,3/1/2013,383
ABC997446,1/1/2013,442
ABC997446,2/1/2013,442
ABC997446,3/1/2013,438
ABC997457,1/1/2013,323
ABC997457,2/1/2013,323
ABC997457,3/1/2013,323
ABC997465,1/1/2013,139
ABC997465,2/1/2013,139
ABC997465,3/1/2013,237
ABC997474,1/1/2013,791
ABC997474,2/1/2013,791
ABC997474,3/1/2013,791
ABC997491,1/1/2013,323
ABC997491,2/1/2013,321
ABC997491,3/1/2013,321
ABC997508,1/1/2013,152
ABC997508,2/1/2013,152
ABC997508,3/1/2013,152
ABC997510,1/1/2013,321
ABC997510,2/1/2013,490
ABC997510,3/1/2013,490
ABC997540,1/1/2013,0
ABC997540,2/1/2013,0
ABC997540,3/1/2013,0
ABC997541,3/1/2013,160
ABC997581,1/1/2013,0
ABC997581,2/1/2013,0
ABC997581,3/1/2013,0
ABC997641,1/1/2013,261
ABC997641,2/1/2013,242
ABC997641,3/1/2013,242
ABC997651,1/1/2013,323
ABC997651,2/1/2013,323
ABC997651,3/1/2013,323
ABC997664,1/1/2013,297
ABC997664,2/1/2013,297
ABC997664,3/1/2013,297
ABC997688,1/1/2013,283
ABC997688,2/1/2013,283
ABC997688,3/1/2013,278
ABC997702,1/1/2013,222
ABC997702,2/1/2013,217
ABC997702,3/1/2013,217
ABC997720,1/1/2013,324
ABC997720,2/1/2013,324
ABC997720,3/1/2013,316
ABC997747,1/1/2013,490
ABC997747,2/1/2013,490
ABC997747,3/1/2013,490
ABC997791,1/1/2013,364
ABC997791,2/1/2013,355
ABC997791,3/1/2013,479
ABC997793,1/1/2013,431
ABC997793,2/1/2013,431
ABC997793,3/1/2013,431
ABC997799,1/1/2013,258
ABC997799,2/1/2013,258
ABC997799,3/1/2013,258
ABC997802,1/1/2013,260
ABC997802,2/1/2013,260
ABC997802,3/1/2013,260
ABC997809,1/1/2013,468
ABC997809,2/1/2013,468
ABC997809,3/1/2013,458
ABC997833,1/1/2013,273
ABC997833,2/1/2013,262
ABC997833,3/1/2013,262
ABC997886,1/1/2013,234
ABC997886,3/1/2013,228
ABC997916,1/1/2013,309
ABC997916,2/1/2013,309
ABC997916,3/1/2013,309
ABC997919,1/1/2013,281
ABC997919,2/1/2013,276
ABC997919,3/1/2013,247
ABC997924,1/1/2013,323
ABC997926,1/1/2013,323
ABC997926,2/1/2013,323
ABC997926,3/1/2013,323
ABC997951,1/1/2013,148
ABC997951,2/1/2013,148
ABC997951,3/1/2013,148
ABC998010,1/1/2013,309
ABC998010,2/1/2013,309
ABC998010,3/1/2013,309
ABC998039,1/1/2013,227
ABC998039,2/1/2013,227
ABC998039,3/1/2013,227
ABC998073,2/1/2013,226
ABC998073,3/1/2013,226
ABC998116,1/1/2013,360
ABC998116,2/1/2013,349
ABC998116,3/1/2013,349
ABC998138,2/1/2013,214
ABC998138,3/1/2013,214
ABC998146,1/1/2013,0
ABC998146,2/1/2013,0
ABC998146,3/1/2013,0
ABC998155,1/1/2013,244
ABC998155,2/1/2013,238
ABC998155,3/1/2013,238
ABC998180,1/1/2013,700
ABC998180,2/1/2013,700
ABC998180,3/1/2013,700
ABC998183,1/1/2013,265
ABC998183,2/1/2013,260
ABC998183,3/1/2013,260
ABC998253,1/1/2013,147
ABC998253,2/1/2013,0
ABC998253,3/1/2013,0
ABC998254,1/1/2013,413
ABC998254,2/1/2013,413
ABC998254,3/1/2013,413
ABC998264,1/1/2013,323
ABC998264,2/1/2013,323
ABC998264,3/1/2013,323
ABC998265,1/1/2013,323
ABC998265,2/1/2013,323
ABC998307,1/1/2013,194
ABC998307,2/1/2013,194
ABC998307,3/1/2013,194
ABC998317,1/1/2013,0
ABC998317,2/1/2013,0
ABC998317,3/1/2013,0
ABC998318,1/1/2013,916
ABC998318,2/1/2013,916
ABC998318,3/1/2013,916
ABC998326,1/1/2013,406
ABC998326,2/1/2013,444
ABC998326,3/1/2013,444
ABC998340,1/1/2013,0
ABC998340,2/1/2013,0
ABC998340,3/1/2013,0
ABC998405,1/1/2013,323
ABC998405,2/1/2013,0
ABC998405,3/1/2013,0
ABC998434,1/1/2013,323
ABC998434,2/1/2013,323
ABC998435,3/1/2013,0
ABC998457,1/1/2013,629
ABC998457,2/1/2013,649
ABC998457,3/1/2013,649
ABC998542,1/1/2013,398
ABC998542,2/1/2013,404
ABC998542,3/1/2013,404
ABC998543,1/1/2013,354
ABC998543,2/1/2013,364
ABC998543,3/1/2013,354
ABC998587,1/1/2013,0
ABC998587,2/1/2013,0
ABC998587,3/1/2013,0
ABC998669,1/1/2013,916
ABC998669,2/1/2013,916
ABC998669,3/1/2013,916
ABC998677,1/1/2013,649
ABC998677,2/1/2013,0
ABC998677,3/1/2013,0
ABC998741,1/1/2013,791
ABC998741,2/1/2013,791
ABC998741,3/1/2013,916
ABC998783,1/1/2013,0
ABC998783,2/1/2013,0
ABC998783,3/1/2013,0
ABC998835,1/1/2013,490
ABC998835,2/1/2013,490
ABC998835,3/1/2013,490
ABC998846,2/1/2013,263
ABC998846,3/1/2013,263
ABC998906,2/1/2013,490
ABC998906,3/1/2013,490
ABC998932,1/1/2013,175
ABC998932,2/1/2013,174
ABC998932,3/1/2013,174
ABC998997,1/1/2013,530
ABC998997,2/1/2013,530
ABC998997,3/1/2013,530
ABC999005,1/1/2013,253
ABC999005,3/1/2013,249
ABC999008,1/1/2013,323
ABC999008,2/1/2013,323
ABC999008,3/1/2013,323
ABC999016,1/1/2013,323
ABC999016,2/1/2013,323
ABC999016,3/1/2013,0
ABC999042,1/1/2013,176
ABC999042,2/1/2013,151
ABC999042,3/1/2013,151
ABC999104,1/1/2013,0
ABC999104,2/1/2013,0
ABC999104,3/1/2013,0
ABC999149,1/1/2013,323
ABC999149,2/1/2013,323
ABC999149,3/1/2013,323
ABC999152,1/1/2013,201
ABC999152,2/1/2013,201
ABC999152,3/1/2013,0
ABC999178,1/1/2013,295
ABC999178,2/1/2013,342
ABC999178,3/1/2013,342
ABC999208,1/1/2013,649
ABC999208,2/1/2013,649
ABC999208,3/1/2013,649
ABC999229,1/1/2013,0
ABC999229,2/1/2013,0
ABC999229,3/1/2013,0
ABC999232,1/1/2013,323
ABC999232,2/1/2013,323
ABC999232,3/1/2013,323
ABC999234,1/1/2013,1175
ABC999234,2/1/2013,1175
ABC999234,3/1/2013,1175
ABC999237,1/1/2013,608
ABC999237,2/1/2013,608
ABC999237,3/1/2013,608
ABC999239,1/1/2013,244
ABC999239,2/1/2013,244
ABC999239,3/1/2013,244
ABC999248,1/1/2013,490
ABC999248,2/1/2013,490
ABC999248,3/1/2013,490
ABC999285,1/1/2013,139
ABC999292,2/1/2013,649
ABC999292,3/1/2013,791
ABC999297,2/1/2013,323
ABC999297,3/1/2013,323
ABC999309,2/1/2013,323
ABC999309,3/1/2013,323
ABC999341,1/1/2013,320
ABC999341,2/1/2013,320
ABC999341,3/1/2013,320
ABC999421,1/1/2013,490
ABC999421,2/1/2013,490
ABC999421,3/1/2013,490
ABC999456,3/1/2013,826
ABC999477,1/1/2013,285
ABC999477,3/1/2013,289
ABC999500,1/1/2013,323
ABC999500,2/1/2013,323
ABC999500,3/1/2013,323
ABC999513,1/1/2013,323
ABC999513,2/1/2013,323
ABC999513,3/1/2013,323
ABC999526,1/1/2013,247
ABC999526,2/1/2013,247
ABC999526,3/1/2013,247
ABC999551,1/1/2013,649
ABC999551,2/1/2013,649
ABC999551,3/1/2013,649
ABC999559,1/1/2013,164
ABC999559,2/1/2013,164
ABC999559,3/1/2013,164
ABC999573,2/1/2013,323
ABC999573,3/1/2013,323
ABC999578,1/1/2013,649
ABC999578,2/1/2013,649
ABC999578,3/1/2013,649
ABC999579,1/1/2013,0
ABC999579,2/1/2013,0
ABC999582,1/1/2013,323
ABC999582,2/1/2013,323
ABC999582,3/1/2013,323
ABC999587,2/1/2013,916
ABC999587,3/1/2013,916
ABC999589,1/1/2013,323
ABC999589,2/1/2013,323
ABC999589,3/1/2013,323
ABC999591,1/1/2013,649
ABC999591,2/1/2013,649
ABC999591,3/1/2013,649
ABC999609,1/1/2013,381
ABC999609,2/1/2013,901
ABC999609,3/1/2013,1038
ABC999635,1/1/2013,791
ABC999635,2/1/2013,791
ABC999635,3/1/2013,791
ABC999639,1/1/2013,0
ABC999639,2/1/2013,0
ABC999639,3/1/2013,0
ABC999647,1/1/2013,649
ABC999647,2/1/2013,649
ABC999647,3/1/2013,649
ABC999649,1/1/2013,649
ABC999649,2/1/2013,649
ABC999649,3/1/2013,649
ABC999680,1/1/2013,0
ABC999680,2/1/2013,0
ABC999680,3/1/2013,0
ABC999693,1/1/2013,152
ABC999693,2/1/2013,152
ABC999693,3/1/2013,148
ABC999697,1/1/2013,373
ABC999697,2/1/2013,373
ABC999697,3/1/2013,373
ABC999704,1/1/2013,0
ABC999704,2/1/2013,0
ABC999704,3/1/2013,0
ABC999706,1/1/2013,542
ABC999706,2/1/2013,542
ABC999706,3/1/2013,542
ABC999748,1/1/2013,414
ABC999748,2/1/2013,490
ABC999748,3/1/2013,414
ABC999758,1/1/2013,791
ABC999758,2/1/2013,791
ABC999758,3/1/2013,0
ABC999777,1/1/2013,490
ABC999777,2/1/2013,490
ABC999777,3/1/2013,447
ABC999807,1/1/2013,490
ABC999807,2/1/2013,490
ABC999807,3/1/2013,490
ABC999811,1/1/2013,368
ABC999811,2/1/2013,368
ABC999811,3/1/2013,368
ABC999847,1/1/2013,343
ABC999847,2/1/2013,343
ABC999847,3/1/2013,343
ABC999861,1/1/2013,139
ABC999861,2/1/2013,139
ABC999861,3/1/2013,139
ABC999866,1/1/2013,589
ABC999866,2/1/2013,589
ABC999866,3/1/2013,589
ABC999873,1/1/2013,649
ABC999873,2/1/2013,649
ABC999873,3/1/2013,0
ABC999881,1/1/2013,393
ABC999881,2/1/2013,393
ABC999881,3/1/2013,393
ABC999884,1/1/2013,0
ABC999884,2/1/2013,0
ABC999884,3/1/2013,0
